{
  "minecraft:brewing_stand": null,
  "minecraft:beehive": null,
  "minecraft:command_block": null,
  "minecraft:jukebox": null,
  "minecraft:lectern": null,
  "minecraft:redstone": null,
  "minecraft:furnace": null,
  "minecraft:container_entity": null,
  "minecraft:potion_effects": null,
  "minecraft:mob_growth": null,
  "minecraft:mob_breeding": null,
  "minecraft:chicken_egg": null,
  "minecraft:block_states": null,
  "minecraft:horse_stats": null,
  "minecraft:item_frame": null,
  "minecraft:tnt_stability": null,
  "minecraft:note_block": null,
  "minecraft:armor_stand": null,
  "minecraft:painting": null,
  "minecraft:harvest_tool": null,
  "minecraft:enchantment_power": null,
  "minecraft:total_enchantment_power": null,
  "minecraft:player_head": null,
  "minecraft:villager_profession": null,
  "minecraft:item_tooltip": null,
  "minecraft:animal_owner": null,
  "minecraft:falling_block": null,
  "minecraft:entity_health": null,
  "minecraft:entity_armor": null,
  "minecraft:crop_progress": null,
  "minecraft:mob_spawner": null,
  "minecraft:block_inventory": null,
  "minecraft:fluid": null,
  "minecraft:fe": null,
  "jade:object_name": null,
  "jade:registry_name": null,
  "jade:mod_name": null,
  "jade:distance": null,
  "jade:block_face": null
}